[{
  "_id": {
    "$oid": "677a97e920ab87bf6ad1c8cf"
  },
  "name": "BaselAmr",
  "email": "baselamr52@gmail.com",
  "age": 26
},
{
  "_id": {
    "$oid": "677a97e920ab87bf6ad1c8d0"
  },
  "name": "MostafaAmr",
  "email": "mostafaamr@gmail.com",
  "age": 38
},
{
  "_id": {
    "$oid": "677a97e920ab87bf6ad1c8d1"
  },
  "name": "AyaAmr",
  "email": "ayaamr@gmail.com",
  "age": 26
},
{
  "_id": {
    "$oid": "677a97e920ab87bf6ad1c8d2"
  },
  "name": "MohamedAmr",
  "email": "mamr@gmail.com",
  "age": 32
},
{
  "_id": {
    "$oid": "677a97e920ab87bf6ad1c8d3"
  },
  "name": "AmrBarakat",
  "email": "abarakat@gmail.com",
  "age": 60
},
{
  "_id": {
    "$oid": "677a97e920ab87bf6ad1c8d4"
  },
  "name": "Ali Ahmed",
  "age": 20,
  "email": "ali.ahmed@gmail.com"
},
{
  "_id": {
    "$oid": "677a97e920ab87bf6ad1c8d5"
  },
  "name": "Sara Khaled",
  "age": 25,
  "email": "sara.khaled@gmail.com"
},
{
  "_id": {
    "$oid": "677a97e920ab87bf6ad1c8d6"
  },
  "name": "Omar Hussein",
  "age": 20,
  "email": "omar.hussein@gmail.com"
},
{
  "_id": {
    "$oid": "677a97e920ab87bf6ad1c8d7"
  },
  "name": "Laila Saeed",
  "age": 30,
  "email": "laila.saeed@gmail.com"
},
{
  "_id": {
    "$oid": "677a97e920ab87bf6ad1c8d8"
  },
  "name": "Ahmed Nabil",
  "age": 35,
  "email": "ahmed.nabil@gmail.com"
},
{
  "_id": {
    "$oid": "677a97e920ab87bf6ad1c8d9"
  },
  "name": "Fatima Noor",
  "age": 40,
  "email": "fatima.noor@gmail.com"
},
{
  "_id": {
    "$oid": "677a97e920ab87bf6ad1c8da"
  },
  "name": "Hassan Ali",
  "age": 65,
  "email": "hassan.ali@gmail.com"
},
{
  "_id": {
    "$oid": "677a97e920ab87bf6ad1c8db"
  },
  "name": "Noor Mohamed",
  "age": 65,
  "email": "noor.mohamed@gmail.com"
},
{
  "_id": {
    "$oid": "677a97e920ab87bf6ad1c8dc"
  },
  "name": "Kareem Salim",
  "age": 55,
  "email": "kareem.salim@gmail.com"
},
{
  "_id": {
    "$oid": "677a97e920ab87bf6ad1c8dd"
  },
  "name": "Yasmin Fawzy",
  "age": 45,
  "email": "yasmin.fawzy@gmail.com"
}]